{"robots_q_init": [[3.6816201210021973, -2.214348455468649, -1.6503868103027344, -2.229312082330221, -0.22623187700380498, 2.9027490615844727], [2.2291207313537598, -1.4488687080195923, 1.6464107672320765, -0.930279092197754, -1.2705872694598597, -0.5575574080096644]], "robots_t_init": [[-1.0492634340888276, 0.00022311769295138562, 0.18941548718071807, -1.4288133846397455, -0.6201440607682099, 0.5571828065107223], [0.3923107142985738, -0.2426400272180652, 0.36882685978802093, -1.3650357657352126, 2.2765443831081535, 1.2005409070588153]], "crop_configs": [{"image_topic": "/servo/camera_black/color/image_raw", "K": [[1366.17043216654, 0.0, 984.0715499067685], [0.0, 1366.4252994591964, 528.4628282688559], [0.0, 0.0, 1.0]], "dist_coeffs": [[0.16656818750045815, -0.5664166213750169, -0.0007642846309957982, -0.00020883255722427578, 0.5302880864230956]], "hole_center": [1036, 348], "hole_size": 27, "hole_normal": [-90, 43]}, {"image_topic": "/servo/camera_white/color/image_raw", "K": [[1372.6307812455525, 0.0, 989.9166349218999], [0.0, 1372.852144855929, 534.6827867052364], [0.0, 0.0, 1.0]], "dist_coeffs": [[0.15485625750519352, -0.48333484002075744, -0.0007217250711801807, 0.0006164110724141106, 0.42065477709246013]], "hole_center": [1008, 466], "hole_size": 29, "hole_normal": [-87, -49]}], "z_ests": [0.1284579207830311, 0.14256008216741645], "diameter_est": 0.0027750904406074186}