{"robots_q_init": [[3.735286235809326, -2.2286321125426234, -1.6065964698791504, -2.2220360241331996, -0.19266158739198858, 2.9089250564575195], [2.3181347846984863, -1.384410099392273, 1.568991486226217, -0.9465373319438477, -1.2789080778705042, -0.5393460432635706]], "robots_t_init": [[-1.0571708823316435, -0.05925830665687684, 0.1980470067306477, -1.4402513534058041, -0.604412715648587, 0.6067688621909918], [0.43346287983463283, -0.23068626155227323, 0.36938891705045374, -1.4848990035034046, 2.2661556942792367, 1.1943005908799307]], "crop_configs": [{"image_topic": "/servo/camera_black/color/image_raw", "K": [[1366.17043216654, 0.0, 984.0715499067685], [0.0, 1366.4252994591964, 528.4628282688559], [0.0, 0.0, 1.0]], "dist_coeffs": [[0.16656818750045815, -0.5664166213750169, -0.0007642846309957982, -0.00020883255722427578, 0.5302880864230956]], "hole_center": [1117, 321], "hole_size": 45, "hole_normal": [-105, 33]}, {"image_topic": "/servo/camera_white/color/image_raw", "K": [[1372.6307812455525, 0.0, 989.9166349218999], [0.0, 1372.852144855929, 534.6827867052364], [0.0, 0.0, 1.0]], "dist_coeffs": [[0.15485625750519352, -0.48333484002075744, -0.0007217250711801807, 0.0006164110724141106, 0.42065477709246013]], "hole_center": [1087, 484], "hole_size": 38, "hole_normal": [-111, -68]}], "z_ests": [0.13243854036588976, 0.1475157311659832], "diameter_est": 0.004222732087413018}