{"robots_q_init": [[3.6766469478607178, -2.193554540673727, -1.5032038688659668, -2.3959013424315394, -0.23740703264345342, 2.9098947048187256], [2.2288331985473633, -1.4901026052287598, 1.513430420552389, -0.8572123807719727, -1.3860185782061976, -0.5580485502826136]], "robots_t_init": [[-1.0928468092273362, -0.021562952703458815, 0.2745814209922083, -1.4284827336573447, -0.6185039919732357, 0.5690016682022807], [0.38482863346863294, -0.25136314585488945, 0.4367352222431022, -1.5161317658003877, 2.357776318482515, 1.0957652041166288]], "crop_configs": [{"image_topic": "/servo/camera_black/color/image_raw", "K": [[1366.17043216654, 0.0, 984.0715499067685], [0.0, 1366.4252994591964, 528.4628282688559], [0.0, 0.0, 1.0]], "dist_coeffs": [[0.16656818750045815, -0.5664166213750169, -0.0007642846309957982, -0.00020883255722427578, 0.5302880864230956]], "hole_center": [1378, 451], "hole_size": 49, "hole_normal": [-149, 58]}, {"image_topic": "/servo/camera_white/color/image_raw", "K": [[1372.6307812455525, 0.0, 989.9166349218999], [0.0, 1372.852144855929, 534.6827867052364], [0.0, 0.0, 1.0]], "dist_coeffs": [[0.15485625750519352, -0.48333484002075744, -0.0007217250711801807, 0.0006164110724141106, 0.42065477709246013]], "hole_center": [1338, 502], "hole_size": 40, "hole_normal": [-181, -107]}], "z_ests": [0.1278746471088511, 0.13483269305762774], "diameter_est": 0.004257435285931673}