{"robots_q_init": [[3.6708011627197266, -2.1924034557738246, -1.5085234642028809, -2.4076019726195277, -0.22138911882509404, 2.908961057662964], [2.2288451194763184, -1.4900905650905152, 1.513430420552389, -0.8572002214244385, -1.3860424200641077, -0.5580247084247034]], "robots_t_init": [[-1.085676466444153, -0.009354503440652334, 0.27023185165359226, -1.4334504224112397, -0.6162481003434269, 0.5387771232276491], [0.3848305805974985, -0.2513610286484187, 0.43672958641191706, -1.516136767557733, 2.3577977218660986, 1.095814283140706]], "crop_configs": [{"image_topic": "/servo/camera_black/color/image_raw", "K": [[1366.17043216654, 0.0, 984.0715499067685], [0.0, 1366.4252994591964, 528.4628282688559], [0.0, 0.0, 1.0]], "dist_coeffs": [[0.16656818750045815, -0.5664166213750169, -0.0007642846309957982, -0.00020883255722427578, 0.5302880864230956]], "hole_center": [1336, 474], "hole_size": 32, "hole_normal": [-128, 42]}, {"image_topic": "/servo/camera_white/color/image_raw", "K": [[1372.6307812455525, 0.0, 989.9166349218999], [0.0, 1372.852144855929, 534.6827867052364], [0.0, 0.0, 1.0]], "dist_coeffs": [[0.15485625750519352, -0.48333484002075744, -0.0007217250711801807, 0.0006164110724141106, 0.42065477709246013]], "hole_center": [1296, 476], "hole_size": 32, "hole_normal": [-139, -71]}], "z_ests": [0.12364886606120859, 0.1305493262023006], "diameter_est": 0.0029696060386225757}