{"robots_q_init": [[3.727391004562378, -2.1806513271727503, -1.4783082008361816, -2.6928769550719203, -0.1747658888446253, 3.160701274871826], [2.3351359367370605, -1.4835894864848633, 1.4070575873004358, -0.8639264863780518, -1.3966010252581995, -0.4722092787372034]], "robots_t_init": [[-1.053095046420622, -0.046660227225214984, 0.2745583032232892, -1.4819512068527365, -0.6366411777968488, 0.5495636805432957], [0.4200128475746015, -0.22166769578980997, 0.4771380899894785, -1.6178613588017623, 2.421631143493557, 0.978035417438358]], "crop_configs": [{"image_topic": "/servo/camera_black/color/image_raw", "K": [[1366.17043216654, 0.0, 984.0715499067685], [0.0, 1366.4252994591964, 528.4628282688559], [0.0, 0.0, 1.0]], "dist_coeffs": [[0.16656818750045815, -0.5664166213750169, -0.0007642846309957982, -0.00020883255722427578, 0.5302880864230956]], "hole_center": [1200, 470], "hole_size": 26, "hole_normal": [-134, 30]}, {"image_topic": "/servo/camera_white/color/image_raw", "K": [[1372.6307812455525, 0.0, 989.9166349218999], [0.0, 1372.852144855929, 534.6827867052364], [0.0, 0.0, 1.0]], "dist_coeffs": [[0.15485625750519352, -0.48333484002075744, -0.0007217250711801807, 0.0006164110724141106, 0.42065477709246013]], "hole_center": [1189, 640], "hole_size": 27, "hole_normal": [-210, -85]}], "z_ests": [0.14328516231750651, 0.14127701768254286], "diameter_est": 0.0027526899111888084}