{"robots_q_init": [[3.6584157943725586, -2.1707102260985316, -1.626884937286377, -2.359124799767965, -0.24967509904970342, 2.9762775897979736], [1.7996433973312378, -1.7270966968932093, 1.9418590704547327, -0.9190042775920411, -0.9784491697894495, -1.4255192915545862]], "robots_t_init": [[-1.0520177822274657, 0.020395358530986007, 0.22916944490672675, -1.4430171291032088, -0.6183265338743946, 0.5661359986324519], [0.25526715265133976, -0.2674427198182351, 0.36834733336368586, -1.3779758095597465, 1.6822372544474302, 0.4569250977245278]], "crop_configs": [{"image_topic": "/servo/camera_black/color/image_raw", "K": [[1366.17043216654, 0.0, 984.0715499067685], [0.0, 1366.4252994591964, 528.4628282688559], [0.0, 0.0, 1.0]], "dist_coeffs": [[0.16656818750045815, -0.5664166213750169, -0.0007642846309957982, -0.00020883255722427578, 0.5302880864230956]], "hole_center": [1268, 394], "hole_size": 34, "hole_normal": [-114, 30]}, {"image_topic": "/servo/camera_white/color/image_raw", "K": [[1372.6307812455525, 0.0, 989.9166349218999], [0.0, 1372.852144855929, 534.6827867052364], [0.0, 0.0, 1.0]], "dist_coeffs": [[0.15485625750519352, -0.48333484002075744, -0.0007217250711801807, 0.0006164110724141106, 0.42065477709246013]], "hole_center": [1231, 526], "hole_size": 38, "hole_normal": [-129, -41]}], "z_ests": [0.13388830881711963, 0.14272120739353317], "diameter_est": 0.0036412818178548465}